{"cameraMode":{"drawMode":24,"name":"Light Overlap","section":"Baked Global Illumination"},"sceneLighting":false,"audioPlay":false,"sceneViewState":{"showFog":false,"showMaterialUpdate":false,"showSkybox":false,"showFlares":false,"showImageEffects":false,"showParticleSystems":false},"in2DMode":false,"pivot":{"x":-8.04308795928955,"y":-2.2887792587280275,"z":13.849427223205567},"rotation":{"x":-0.42474398016929629,"y":-0.1704704314470291,"z":0.081782765686512,"w":-0.8853496313095093},"size":21.45025062561035,"orthographic":false}