{"cameraMode":{"drawMode":24,"name":"Light Overlap","section":"Baked Global Illumination"},"sceneLighting":false,"audioPlay":false,"sceneViewState":{"showFog":false,"showMaterialUpdate":false,"showSkybox":false,"showFlares":false,"showImageEffects":false,"showParticleSystems":false},"in2DMode":false,"pivot":{"x":352.006591796875,"y":25.468505859375,"z":44.513519287109378},"rotation":{"x":-0.5205695033073425,"y":-0.02664562314748764,"z":0.016256550326943399,"w":-0.853248655796051},"size":716.86572265625,"orthographic":false}