{"cameraMode":{"drawMode":24,"name":"Light Overlap","section":"Baked Global Illumination"},"sceneLighting":false,"audioPlay":false,"sceneViewState":{"showFog":true,"showMaterialUpdate":true,"showSkybox":true,"showFlares":true,"showImageEffects":true,"showParticleSystems":true},"in2DMode":false,"pivot":{"x":-8.41064453125,"y":-15.489238739013672,"z":2.2409815788269045},"rotation":{"x":-0.20478278398513795,"y":0.702345073223114,"z":-0.2232862412929535,"w":-0.6441417932510376},"size":53.65314865112305,"orthographic":false}