{"cameraMode":{"drawMode":24,"name":"Light Overlap","section":"Baked Global Illumination"},"sceneLighting":false,"audioPlay":false,"sceneViewState":{"showFog":true,"showMaterialUpdate":true,"showSkybox":true,"showFlares":true,"showImageEffects":true,"showParticleSystems":true},"in2DMode":false,"pivot":{"x":-1.9658920764923096,"y":-2.9834041595458986,"z":22.25816535949707},"rotation":{"x":0.49719512462615969,"y":-0.23450715839862824,"z":0.14162854850292207,"w":0.8232525587081909},"size":21.038604736328126,"orthographic":false}