{"cameraMode":{"drawMode":24,"name":"Light Overlap","section":"Baked Global Illumination"},"sceneLighting":false,"audioPlay":false,"sceneViewState":{"showFog":false,"showMaterialUpdate":false,"showSkybox":false,"showFlares":false,"showImageEffects":false,"showParticleSystems":false},"in2DMode":false,"pivot":{"x":684.548095703125,"y":396.3442077636719,"z":0.8461685180664063},"rotation":{"x":-0.22745005786418916,"y":-0.053739458322525027,"z":0.012572192586958409,"w":-0.9722245335578919},"size":113.04890441894531,"orthographic":false}