{"cameraMode":{"drawMode":24,"name":"Light Overlap","section":"Baked Global Illumination"},"sceneLighting":false,"audioPlay":false,"sceneViewState":{"showFog":false,"showMaterialUpdate":false,"showSkybox":false,"showFlares":false,"showImageEffects":false,"showParticleSystems":false},"in2DMode":false,"pivot":{"x":4.519848346710205,"y":32.86174774169922,"z":96.08812713623047},"rotation":{"x":0.1867072433233261,"y":0.006199526600539684,"z":-0.0011781651992350817,"w":0.982395350933075},"size":117.24244689941406,"orthographic":false}