{"cameraMode":{"drawMode":24,"name":"Light Overlap","section":"Baked Global Illumination"},"sceneLighting":false,"audioPlay":false,"sceneViewState":{"showFog":false,"showMaterialUpdate":false,"showSkybox":false,"showFlares":false,"showImageEffects":false,"showParticleSystems":false},"in2DMode":false,"pivot":{"x":-0.5232895612716675,"y":0.3263740539550781,"z":17.596296310424806},"rotation":{"x":-0.5205695033073425,"y":-0.02664562314748764,"z":0.016256550326943399,"w":-0.853248655796051},"size":69.279296875,"orthographic":false}