{"cameraMode":{"drawMode":24,"name":"Light Overlap","section":"Baked Global Illumination"},"sceneLighting":false,"audioPlay":false,"sceneViewState":{"showFog":false,"showMaterialUpdate":false,"showSkybox":false,"showFlares":false,"showImageEffects":false,"showParticleSystems":false},"in2DMode":false,"pivot":{"x":290.1058654785156,"y":190.3898162841797,"z":36.26191329956055},"rotation":{"x":0.0007802597247064114,"y":-0.5366151332855225,"z":0.0004960728692822158,"w":0.8438265919685364},"size":0.09365153312683106,"orthographic":false}