{"cameraMode":{"drawMode":24,"name":"Light Overlap","section":"Baked Global Illumination"},"sceneLighting":false,"audioPlay":false,"sceneViewState":{"showFog":true,"showMaterialUpdate":true,"showSkybox":true,"showFlares":true,"showImageEffects":true,"showParticleSystems":true},"in2DMode":false,"pivot":{"x":-19.147357940673829,"y":0.9345507621765137,"z":5.211530685424805},"rotation":{"x":-0.041009556502103809,"y":0.7151395678520203,"z":-0.042106401175260547,"w":-0.696506142616272},"size":26.028108596801759,"orthographic":false}