{"cameraMode":{"drawMode":24,"name":"Light Overlap","section":"Baked Global Illumination"},"sceneLighting":false,"audioPlay":false,"sceneViewState":{"showFog":true,"showMaterialUpdate":true,"showSkybox":true,"showFlares":true,"showImageEffects":true,"showParticleSystems":true},"in2DMode":false,"pivot":{"x":-15.57752799987793,"y":-7.720076560974121,"z":21.304174423217775},"rotation":{"x":-0.20478278398513795,"y":0.702345073223114,"z":-0.2232862412929535,"w":-0.6441417932510376},"size":43.540367126464847,"orthographic":false}