{"cameraMode":{"drawMode":24,"name":"Light Overlap","section":"Baked Global Illumination"},"sceneLighting":false,"audioPlay":false,"sceneViewState":{"showFog":true,"showMaterialUpdate":true,"showSkybox":true,"showFlares":true,"showImageEffects":true,"showParticleSystems":true},"in2DMode":false,"pivot":{"x":-1.6998209953308106,"y":11.632940292358399,"z":6.4221649169921879},"rotation":{"x":-0.06625150144100189,"y":-0.017363347113132478,"z":0.0011531549971550704,"w":-0.997651219367981},"size":7.66154670715332,"orthographic":false}