{"cameraMode":{"drawMode":24,"name":"Light Overlap","section":"Baked Global Illumination"},"sceneLighting":false,"audioPlay":false,"sceneViewState":{"showFog":false,"showMaterialUpdate":false,"showSkybox":false,"showFlares":false,"showImageEffects":false,"showParticleSystems":false},"in2DMode":false,"pivot":{"x":565.772216796875,"y":393.2574462890625,"z":-3.5983505249023439},"rotation":{"x":-0.06475502252578736,"y":0.02123543620109558,"z":-0.0013782614842057229,"w":-0.997674286365509},"size":130.45736694335938,"orthographic":false}